,Antecedent,Consequent,Lift,Support,Confidence
0,amazon_papaya,cabbage,1.2945104723655638,0.11688311688311688,0.3185840707964602
1,canned_peas,amazon_papaya,1.391332915823948,0.11428571428571428,0.3424124513618677
2,cauliflower,amazon_papaya,1.4281140636557335,0.10909090909090909,0.3514644351464435
3,chocolate_powder,amazon_papaya,1.1974532239750917,0.1551948051948052,0.2946979038224414
4,amazon_papaya,creamy_white_cheese,1.3027452718080927,0.10909090909090909,0.32061068702290074
5,egg,amazon_papaya,1.0300385630200934,0.18831168831168832,0.2534965034965035
6,amazon_papaya,french_bread,1.0577774830296112,0.18831168831168832,0.26032315978456017
7,garlic,amazon_papaya,1.0377105743860362,0.1616883116883117,0.2553846153846154
8,green_beans,amazon_papaya,1.3515349859014574,0.10064935064935066,0.33261802575107297
9,mayonnaise,amazon_papaya,1.0943169838135676,0.15844155844155844,0.2693156732891832
10,sausage,amazon_papaya,1.2797303261063484,0.11493506493506493,0.31494661921708184
11,soda_bottle_large,amazon_papaya,0.9966645093841788,0.1012987012987013,0.24528301886792453
12,soy_oil,amazon_papaya,0.9544722069734908,0.1590909090909091,0.2348993288590604
13,tomato,amazon_papaya,0.9745371860051054,0.11493506493506493,0.23983739837398374
14,vinegar,amazon_papaya,1.0455114033408022,0.17727272727272728,0.2573044297832234
15,amazon_papaya,wheat_flour_special,1.2257695690413368,0.11753246753246753,0.30166666666666664
16,banana,beetroot,1.1439927365540536,0.15194805194805194,0.4895397489539749
17,banana,butter,1.1290515080731787,0.16753246753246753,0.48314606741573035
18,banana,cabbage,0.901661138490875,0.14155844155844155,0.38584070796460174
19,banana,canned_peas,0.8183605628147824,0.11688311688311688,0.35019455252918286
20,banana,canned_sardine,1.0117894245360102,0.1279220779220779,0.4329670329670329
21,banana,cauliflower,0.7919949714604987,0.10519480519480519,0.3389121338912134
22,banana,chocolate_powder,0.9537673379499259,0.21493506493506492,0.408138101109741
23,banana,coffee,1.2950478490254023,0.11623376623376623,0.5541795665634676
24,banana,cream_cracker_biscuits,1.285280728376328,0.16428571428571428,0.55
25,banana,creamy_white_cheese,0.8830172943043473,0.12857142857142856,0.3778625954198473
26,banana,cucumber,0.9877980335502108,0.14025974025974025,0.42270058708414865
27,banana,egg,1.0274892027547566,0.32662337662337665,0.4396853146853147
28,banana,flour,1.4679518690290452,0.1448051948051948,0.628169014084507
29,banana,french_bread,1.0027161549924672,0.3103896103896104,0.42908438061041293
30,banana,garlic,1.1145091630675852,0.30194805194805197,0.476923076923077
31,banana,granulated_sugar,1.3478755690440059,0.20974025974025973,0.5767857142857142
32,banana,green_beans,0.852507701225032,0.11038961038961038,0.3648068669527897
33,banana,guava_candy,1.2583167970117894,0.12272727272727273,0.5384615384615384
34,banana,ketchup,1.0106733767439477,0.1331168831168831,0.43248945147679324
35,banana,lime,1.3286574875279762,0.11038961038961038,0.568561872909699
36,banana,mayonnaise,0.9440352128953159,0.23766233766233766,0.4039735099337748
37,banana,orange,1.180239419996628,0.12987012987012986,0.5050505050505051
38,banana,papaya,1.1488815944025752,0.1525974025974026,0.4916317991631799
39,banana,parboiled_rice,1.0355342361325863,0.12142857142857143,0.4431279620853081
40,banana,popping_corn,0.9576601505549108,0.1357142857142857,0.40980392156862744
41,banana,potato,1.1728462221204226,0.17272727272727273,0.5018867924528302
42,banana,salt,1.0492087578582268,0.1,0.44897959183673475
43,banana,sausage,0.9189486928863423,0.1435064935064935,0.393238434163701
44,banana,soda_bottle_large,0.9369542187992097,0.16558441558441558,0.40094339622641506
45,banana,soy_oil,1.0149606379403409,0.29415584415584417,0.4343240651965485
46,banana,tagliatelle_pasta,1.1821029559229386,0.11233766233766233,0.5058479532163743
47,banana,tomato,1.0924411216798056,0.22402597402597402,0.46747967479674796
48,banana,vinegar,0.9889316203255439,0.2915584415584416,0.4231856738925542
49,banana,wheat_flour_special,0.7439049064238745,0.12402597402597403,0.3183333333333333
50,banana,white_rice,0.9703481934134438,0.10974025974025974,0.4152334152334152
51,banana,yogurt_with_fruit_pieces,1.005898541893189,0.10649350649350649,0.4304461942257218
52,beef_burger,egg,1.015625,0.10974025974025974,0.1477272727272727
53,beef_burger,french_bread,1.1046903052064632,0.11623376623376623,0.1606822262118492
54,beef_burger,mayonnaise,1.320364238410596,0.11298701298701298,0.1920529801324503
55,beef_burger,vinegar,1.172832233741753,0.11753246753246753,0.1705937794533459
56,egg,beef_shank,1.0866543095458756,0.1305194805194805,0.17569930069930068
57,beef_shank,french_bread,1.1103660602914351,0.12987012987012986,0.17953321364452424
58,garlic,beef_shank,0.9832149109257544,0.10064935064935066,0.158974358974359
59,mayonnaise,beef_shank,1.1400125889872956,0.10844155844155844,0.184326710816777
60,soy_oil,beef_shank,0.9843400447427293,0.10779220779220779,0.15915627996164908
61,vinegar,beef_shank,1.0842237943290598,0.12077922077922078,0.17530631479736097
62,beer_can,chocolate_powder,1.2349426159537134,0.12077922077922078,0.22934648581997533
63,beer_can,egg,1.0260892953200644,0.14155844155844155,0.19055944055944055
64,beer_can,french_bread,1.1020577268333103,0.14805194805194805,0.20466786355475763
65,beer_can,garlic,0.9333333333333333,0.10974025974025974,0.17333333333333334
66,beer_can,mayonnaise,1.2599762268636439,0.13766233766233765,0.23399558498896245
67,beer_can,soy_oil,0.9395973154362416,0.11818181818181818,0.174496644295302
68,beer_can,vinegar,1.1063582976872326,0.14155844155844155,0.20546654099905748
69,beetroot,butter,1.38161503141993,0.1487012987012987,0.4288389513108614
70,beetroot,cabbage,1.1404450697967194,0.12987012987012986,0.35398230088495575
71,canned_peas,beetroot,1.0843657913159566,0.11233766233766233,0.3365758754863813
72,canned_sardine,beetroot,1.203733504988735,0.11038961038961038,0.3736263736263736
73,cauliflower,beetroot,1.0716724146986223,0.10324675324675325,0.33263598326359833
74,beetroot,chocolate_powder,1.076567489900892,0.17597402597402598,0.33415536374845867
75,beetroot,cream_cracker_biscuits,1.2046570856830998,0.11168831168831168,0.3739130434782609
76,beetroot,creamy_white_cheese,1.100562138682168,0.11623376623376623,0.3416030534351145
77,beetroot,cucumber,1.2546569610821343,0.1292207792207792,0.3894324853228962
78,egg,beetroot,1.0307370453813967,0.23766233766233766,0.3199300699300699
79,beetroot,french_bread,1.041142402139375,0.23376623376623376,0.32315978456014366
80,beetroot,garlic,1.1466151700461324,0.22532467532467532,0.3558974358974359
81,beetroot,granulated_sugar,1.25418410041841,0.14155844155844155,0.38928571428571423
82,green_beans,beetroot,1.0647009176288902,0.1,0.33047210300429186
83,beetroot,ketchup,1.1418886711508924,0.10909090909090909,0.35443037974683544
84,mayonnaise,beetroot,1.1272594604080652,0.20584415584415586,0.3498896247240618
85,beetroot,papaya,1.2132140543757988,0.11688311688311688,0.37656903765690375
86,popping_corn,beetroot,1.2950201000902453,0.1331168831168831,0.40196078431372545
87,sausage,beetroot,1.2554534760791554,0.1422077922077922,0.38967971530249107
88,beetroot,soda_bottle_large,1.0992473882266256,0.1409090909090909,0.3411949685534591
89,soy_oil,beetroot,1.0749487517901772,0.22597402597402597,0.3336529242569511
90,tomato,beetroot,1.2223469515029879,0.18181818181818182,0.3794037940379404
91,vinegar,beetroot,1.1174426904436092,0.23896103896103896,0.3468426013195099
92,beetroot,wheat_flour_special,1.009483960948396,0.12207792207792208,0.3133333333333333
93,chocolate_powder,black_beans,1.1339662677059685,0.10974025974025974,0.20838471023427865
94,egg,black_beans,0.9941560206577873,0.1357142857142857,0.18269230769230768
95,black_beans,french_bread,0.8988079755885582,0.11948051948051948,0.1651705565529623
96,garlic,black_beans,1.0548518619189997,0.12272727272727273,0.19384615384615386
97,mayonnaise,black_beans,1.1291819748984,0.12207792207792208,0.2075055187637969
98,soy_oil,black_beans,0.9912965114900277,0.12337662337662338,0.18216682646212848
99,vinegar,black_beans,1.0873134552042707,0.13766233766233765,0.19981149858623937
100,broccoli,cabbage,1.3628318584070798,0.10714285714285714,0.2920353982300885
101,canned_peas,broccoli,1.7704280155642023,0.1266233766233766,0.37937743190661477
102,cauliflower,broccoli,2.157601115760112,0.1435064935064935,0.46234309623430964
103,chocolate_powder,broccoli,1.2371557747636661,0.1396103896103896,0.2651048088779284
104,broccoli,creamy_white_cheese,1.603053435114504,0.11688311688311688,0.3435114503816794
105,broccoli,cucumber,1.452054794520548,0.10324675324675325,0.3111545988258317
106,egg,broccoli,1.0524475524475525,0.16753246753246753,0.22552447552447552
107,broccoli,french_bread,1.1017354877318972,0.17077922077922078,0.23608617594254938
108,garlic,broccoli,0.9859829059829059,0.13376623376623376,0.21128205128205127
109,green_beans,broccoli,2.133047210300429,0.1383116883116883,0.45708154506437765
110,mayonnaise,broccoli,1.2568064753495216,0.15844155844155844,0.2693156732891832
111,soy_oil,broccoli,0.8232662192393736,0.11948051948051948,0.17641418983700863
112,vinegar,broccoli,1.1479736098020736,0.16948051948051948,0.24599434495758718
113,broccoli,wheat_flour_special,1.4700000000000002,0.12272727272727273,0.315
114,cabbage,butter,1.0565775082032414,0.1344155844155844,0.3663716814159292
115,canned_peas,butter,1.279237528964281,0.14805194805194805,0.44357976653696496
116,canned_sardine,butter,1.3627196773264187,0.1396103896103896,0.47252747252747246
117,cauliflower,butter,1.1282183881027377,0.12142857142857143,0.3912133891213389
118,chocolate_powder,butter,1.088128125909198,0.1987012987012987,0.37731196054254007
119,cream_cracker_biscuits,butter,0.990555284155675,0.1025974025974026,0.34347826086956523
120,creamy_white_cheese,butter,1.4914801155044743,0.17597402597402598,0.517175572519084
121,cucumber,butter,1.25288594736032,0.14415584415584415,0.43444227005870834
122,egg,butter,1.0209593777009507,0.262987012987013,0.354020979020979
123,butter,french_bread,0.9785568757186371,0.24545454545454545,0.3393177737881508
124,garlic,butter,1.0825698645923365,0.23766233766233766,0.3753846153846154
125,granulated_sugar,butter,1.040262172284644,0.13116883116883116,0.36071428571428565
126,green_beans,butter,1.2996093938371027,0.13636363636363635,0.45064377682403434
127,guava_candy,butter,1.2981636202609987,0.1025974025974026,0.4501424501424502
128,ice_cream_bar,butter,1.3046192259675407,0.12337662337662338,0.45238095238095244
129,butter,ketchup,1.2837592250193588,0.137012987012987,0.4451476793248945
130,mayonnaise,butter,1.2063976320989491,0.2461038961038961,0.4183222958057395
131,butter,papaya,1.2187171892874493,0.13116883116883116,0.4225941422594142
132,popping_corn,butter,1.2327238011309392,0.14155844155844155,0.42745098039215684
133,sausage,butter,1.205899209617871,0.1525974025974026,0.4181494661921708
134,soda_bottle_large,butter,1.0746590346971945,0.1538961038961039,0.37264150943396224
135,soy_oil,butter,0.9318050423547746,0.21883116883116882,0.3231064237775647
136,tomato,butter,0.961298377028714,0.15974025974025974,0.3333333333333333
137,vinegar,butter,1.1878060059233215,0.2837662337662338,0.411875589066918
138,watermelon,butter,1.014467535050214,0.10324675324675325,0.3517699115044248
139,wheat_flour_special,butter,0.9612983770287139,0.12987012987012986,0.33333333333333326
140,whipped_cream,butter,1.361604446055334,0.10454545454545454,0.4721407624633431
141,canned_peas,cabbage,1.2832891429358493,0.15714285714285714,0.4708171206225681
142,canned_sardine,cabbage,1.1441797140912184,0.12402597402597403,0.41978021978021973
143,cauliflower,cabbage,1.4198541118969157,0.1616883116883117,0.5209205020920502
144,chocolate_powder,cabbage,1.0956428750695633,0.21168831168831168,0.4019728729963008
145,cream_cracker_biscuits,cabbage,1.1021161985378993,0.12077922077922078,0.4043478260869565
146,creamy_white_cheese,cabbage,1.1443626291967843,0.14285714285714285,0.4198473282442748
147,cucumber,cabbage,1.3174930294581162,0.1603896103896104,0.48336594911937375
148,egg,cabbage,1.0816882232811436,0.2948051948051948,0.3968531468531468
149,cabbage,french_bread,1.064330086906786,0.2824675324675325,0.3904847396768403
150,garlic,cabbage,1.0567188563648742,0.24545454545454545,0.3876923076923077
151,cabbage,garlic_sauce,1.1670659560944605,0.10064935064935066,0.4281767955801105
152,granulated_sugar,cabbage,0.9539823008849557,0.12727272727272726,0.35
153,green_beans,cabbage,1.3452846670971172,0.14935064935064934,0.49356223175965663
154,ice_cream_bar,cabbage,1.2200589970501476,0.12207792207792208,0.44761904761904764
155,cabbage,ketchup,1.2363242597363802,0.1396103896103896,0.4535864978902953
156,lettuce,cabbage,1.1638508983641729,0.10064935064935066,0.4269972451790634
157,long_life_milk,cabbage,1.2191914825852537,0.11298701298701298,0.4473007712082262
158,mayonnaise,cabbage,1.1883412451893962,0.2564935064935065,0.4359823399558499
159,orange,cabbage,1.1012782694198626,0.1038961038961039,0.4040404040404041
160,cabbage,papaya,1.129040619098752,0.12857142857142856,0.4142259414225941
161,parboiled_rice,cabbage,1.059262676676593,0.10649350649350649,0.3886255924170616
162,popping_corn,cabbage,1.261287523859101,0.15324675324675324,0.46274509803921565
163,potato,cabbage,0.997695775588579,0.12597402597402596,0.3660377358490566
164,sausage,cabbage,1.241583472427802,0.16623376623376623,0.4555160142348754
165,soda_bottle_large,cabbage,1.122836311014638,0.17012987012987013,0.41194968553459116
166,soy_oil,cabbage,1.034863693056958,0.2571428571428571,0.37967401725790983
167,tomato,cabbage,0.9935007314674916,0.17467532467532468,0.36449864498644985
168,vinegar,cabbage,1.1046516477192163,0.2792207792207792,0.40527803958529685
169,watermelon,cabbage,1.3628318584070798,0.14675324675324675,0.5
170,wheat_flour_special,cabbage,1.276519174041298,0.18246753246753247,0.4683333333333333
171,white_rice,cabbage,1.1652714661564219,0.11298701298701298,0.4275184275184275
172,cabbage,yogurt_with_fruit_pieces,1.2519452767519104,0.11363636363636363,0.45931758530183725
173,egg,calabrese_salami,1.1171689135606662,0.10454545454545454,0.14073426573426573
174,calabrese_salami,french_bread,1.1187510411075536,0.10194805194805195,0.14093357271095155
175,mayonnaise,calabrese_salami,1.3493093011083046,0.1,0.16997792494481237
176,vinegar,calabrese_salami,1.1970811430570265,0.1038961038961039,0.15080113100848255
177,canned_olives,chocolate_powder,1.198590305288104,0.11558441558441558,0.219482120838471
178,canned_olives,egg,1.0788325150027276,0.14675324675324675,0.19755244755244752
179,canned_olives,french_bread,1.1029833072309867,0.1461038961038961,0.20197486535008977
180,canned_olives,garlic,1.0921985815602835,0.1266233766233766,0.19999999999999998
181,canned_olives,mayonnaise,1.2296275421539615,0.13246753246753246,0.22516556291390724
182,canned_olives,soy_oil,1.0314627064591364,0.1279220779220779,0.18887823585810162
183,canned_olives,vinegar,1.0448459569120525,0.1318181818181818,0.19132893496701223
184,canned_peas,canned_sardine,1.389404369949117,0.137012987012987,0.4637362637362637
185,canned_peas,cauliflower,1.4416423815183237,0.14935064935064934,0.4811715481171548
186,canned_peas,chocolate_powder,1.248686590508907,0.21948051948051947,0.4167694204685573
187,canned_peas,creamy_white_cheese,1.4866189443668874,0.16883116883116883,0.4961832061068702
188,canned_peas,cucumber,1.2664570118863598,0.14025974025974025,0.42270058708414865
189,canned_peas,egg,1.0580664471715056,0.2623376623376623,0.3531468531468531
190,canned_peas,french_bread,1.0462175774891898,0.2525974025974026,0.34919210053859967
191,canned_peas,frozen_pizza,1.4897319498486814,0.11623376623376623,0.49722222222222223
192,canned_peas,garlic,1.023286441185274,0.21623376623376622,0.34153846153846157
193,canned_peas,green_beans,1.4273308728979142,0.14415584415584415,0.4763948497854077
194,canned_peas,ice_cream_bar,1.48378728923476,0.13506493506493505,0.49523809523809526
195,canned_peas,jam,1.5328929508641753,0.1,0.5116279069767442
196,canned_peas,ketchup,1.3716363755766798,0.1409090909090909,0.45780590717299574
197,canned_peas,long_life_milk,1.2708431276444638,0.10714285714285714,0.4241645244215938
198,canned_peas,mango,1.3728568384933675,0.10324675324675325,0.4582132564841499
199,canned_peas,mayonnaise,1.3558550433341061,0.2662337662337662,0.4525386313465783
200,canned_peas,papaya,1.103169822379239,0.11428571428571428,0.3682008368200837
201,canned_peas,popping_corn,1.1279468986037995,0.12467532467532468,0.3764705882352941
202,canned_peas,sausage,1.3647756068515722,0.16623376623376623,0.4555160142348754
203,canned_peas,soda_bottle_large,1.0787876563150036,0.1487012987012987,0.360062893081761
204,canned_peas,soy_oil,0.9623168725354504,0.21753246753246752,0.3211888782358581
205,canned_peas,tomato,0.8972087775352461,0.1435064935064935,0.29945799457994576
206,canned_peas,vinegar,1.1860186227661298,0.2727272727272727,0.3958529688972667
207,canned_peas,watermelon,1.3588547226335181,0.1331168831168831,0.45353982300884954
208,canned_peas,wheat_flour_special,1.1734760051880675,0.1525974025974026,0.39166666666666666
209,canned_peas,yogurt_with_fruit_pieces,1.2660722857113675,0.10454545454545454,0.42257217847769024
210,cauliflower,canned_sardine,1.0904409398133248,0.1,0.32217573221757323
211,canned_sardine,chocolate_powder,1.1017736887034049,0.17142857142857143,0.3255240443896424
212,canned_sardine,creamy_white_cheese,1.182031708749266,0.11883116883116883,0.34923664122137404
213,canned_sardine,cucumber,1.2717145867830797,0.12467532467532468,0.37573385518590996
214,egg,canned_sardine,1.0798816568047338,0.237012987012987,0.31905594405594406
215,canned_sardine,french_bread,1.017815218892418,0.21753246753246752,0.3007181328545781
216,canned_sardine,garlic,1.1177909270216964,0.20909090909090908,0.3302564102564103
217,canned_sardine,granulated_sugar,1.0093406593406593,0.10844155844155844,0.2982142857142857
218,canned_sardine,green_beans,1.1475734565863323,0.1025974025974026,0.33905579399141633
219,canned_sardine,ketchup,1.3067185978578384,0.11883116883116883,0.3860759493670886
220,canned_sardine,mayonnaise,1.2290711496009508,0.21363636363636362,0.36313465783664456
221,canned_sardine,papaya,1.2249758609591244,0.11233766233766233,0.3619246861924686
222,popping_corn,canned_sardine,1.307390648567119,0.1279220779220779,0.38627450980392153
223,canned_sardine,sausage,1.2285792499315629,0.13246753246753246,0.3629893238434163
224,canned_sardine,soda_bottle_large,1.1228834059022736,0.137012987012987,0.33176100628930816
225,canned_sardine,soy_oil,1.1227966664208275,0.22467532467532467,0.3317353787152445
226,tomato,canned_sardine,1.0961017302480716,0.1551948051948052,0.3238482384823848
227,canned_sardine,vinegar,1.1739288044660334,0.23896103896103896,0.3468426013195099
228,canned_sardine,watermelon,1.250510551395507,0.10844155844155844,0.3694690265486726
229,canned_sardine,wheat_flour_special,1.0548717948717947,0.12142857142857143,0.31166666666666665
230,chocolate_powder,carrot,1.0363434972517709,0.10454545454545454,0.19852034525277432
231,egg,carrot,0.9993481095176009,0.1422077922077922,0.1914335664335664
232,french_bread,carrot,0.9700270821288378,0.1344155844155844,0.18581687612208259
233,garlic,carrot,1.0601303780964797,0.12857142857142856,0.20307692307692307
234,granulated_sugar,carrot,1.4915254237288134,0.1038961038961039,0.2857142857142857
235,mayonnaise,carrot,0.9852957683241665,0.11103896103896103,0.18874172185430463
236,potato,carrot,1.635049568276303,0.10779220779220779,0.3132075471698113
237,soy_oil,carrot,1.0610852007735183,0.13766233766233765,0.20325982742090123
238,tomato,carrot,1.2308116301501997,0.11298701298701298,0.23577235772357724
239,vinegar,carrot,0.9545200402562339,0.12597402597402596,0.18284637134778509
240,cauliflower,chocolate_powder,1.2235527191493532,0.2,0.3797780517879161
241,cauliflower,creamy_white_cheese,1.3833881631479765,0.1461038961038961,0.4293893129770992
242,cauliflower,cucumber,1.4059723734739495,0.1448051948051948,0.43639921722113495
243,egg,cauliflower,1.0448181525587383,0.2409090909090909,0.32430069930069927
244,cauliflower,french_bread,1.075847148877354,0.24155844155844156,0.3339317773788151
245,cauliflower,garlic,1.0507885420019312,0.2064935064935065,0.3261538461538462
246,cauliflower,green_beans,1.6661877996659904,0.1564935064935065,0.5171673819742489
247,cauliflower,ice_cream_bar,1.4421199442119945,0.12207792207792208,0.44761904761904764
248,cauliflower,ketchup,1.1826704094062814,0.11298701298701298,0.3670886075949367
249,cauliflower,mayonnaise,1.209048001699502,0.22077922077922077,0.37527593818984545
250,cauliflower,papaya,1.0986327270180845,0.10584415584415584,0.3410041841004184
251,popping_corn,cauliflower,1.1623595044712445,0.11948051948051948,0.3607843137254902
252,cauliflower,sausage,1.2325228189818194,0.1396103896103896,0.38256227758007116
253,cauliflower,soda_bottle_large,1.0333938580563666,0.13246753246753246,0.320754716981132
254,cauliflower,soy_oil,0.935946758024206,0.19675324675324676,0.29050814956855225
255,tomato,cauliflower,0.8905670646664626,0.13246753246753246,0.2764227642276423
256,cauliflower,vinegar,1.1174426904436092,0.23896103896103896,0.3468426013195099
257,cauliflower,watermelon,1.2972562668937684,0.11818181818181818,0.4026548672566372
258,cauliflower,wheat_flour_special,1.3638772663877266,0.16493506493506493,0.4233333333333333
259,vinegar,cereal_flakes_nestle,1.1668607122396555,0.10649350649350649,0.1545711592836946
260,egg,chayote,1.0558069381598791,0.12987012987012986,0.1748251748251748
261,french_bread,chayote,1.0462914070475586,0.1253246753246753,0.1732495511669659
262,garlic,chayote,1.201649069884364,0.12597402597402596,0.19897435897435897
263,soy_oil,chayote,1.1175154625608632,0.1253246753246753,0.1850431447746884
264,tomato,chayote,1.2847653966735746,0.10194805194805195,0.21273712737127373
265,vinegar,chayote,0.9448725767404038,0.10779220779220779,0.15645617342130064
266,egg,chocolate_pieces,1.075634891424365,0.10844155844155844,0.14597902097902096
267,vinegar,chocolate_pieces,1.0972766506275113,0.1025974025974026,0.14891611687087652
268,coffee,chocolate_powder,0.9171110848129246,0.1012987012987013,0.4829721362229103
269,cream_cracker_biscuits,chocolate_powder,1.019621508604514,0.1603896103896104,0.5369565217391304
270,chocolate_powder,creamy_white_cheese,1.2212328573714477,0.21883116883116882,0.6431297709923663
271,chocolate_powder,cucumber,1.111092343293414,0.19415584415584416,0.5851272015655578
272,chocolate_powder,diet_soda,1.1657279968007463,0.10324675324675325,0.6138996138996139
273,egg,chocolate_powder,1.0473774068102057,0.40974025974025974,0.5515734265734266
274,flour,chocolate_powder,0.94142164950244,0.11428571428571428,0.49577464788732395
275,chocolate_powder,french_bread,1.0500147212807738,0.4,0.5529622980251347
276,frozen_chicken,chocolate_powder,1.11189771816234,0.1,0.5855513307984791
277,chocolate_powder,frozen_pizza,1.202630497328401,0.14805194805194805,0.6333333333333333
278,fruit_juice,chocolate_powder,1.2480609363191597,0.10584415584415584,0.657258064516129
279,chocolate_powder,garlic,1.0439027474785798,0.34805194805194806,0.5497435897435898
280,chocolate_powder,garlic_sauce,1.106811725514507,0.137012987012987,0.5828729281767956
281,granulated_sugar,chocolate_powder,0.9257090012330456,0.17727272727272728,0.4875
282,green_beans,chocolate_powder,1.153188719484767,0.18376623376623377,0.6072961373390559
283,chocolate_powder,guava_candy,1.0982185828055124,0.1318181818181818,0.5783475783475783
284,ice_cream_bar,chocolate_powder,1.2704480065762433,0.18246753246753247,0.6690476190476191
285,italian_grapes,chocolate_powder,1.1945745992601724,0.11233766233766233,0.629090909090909
286,chocolate_powder,jam,1.173400625125455,0.12077922077922078,0.6179401993355481
287,chocolate_powder,ketchup,1.1938170826244623,0.19350649350649352,0.628691983122363
288,lettuce,chocolate_powder,1.1089937600418487,0.13766233766233765,0.5840220385674931
289,chocolate_powder,lime,1.1240922268638989,0.11493506493506493,0.5919732441471571
290,long_life_milk,chocolate_powder,1.2447738201274887,0.16558441558441558,0.6555269922879178
291,mango,chocolate_powder,1.1163504692324913,0.13246753246753246,0.5878962536023055
292,mayonnaise,chocolate_powder,1.2030496784010147,0.37272727272727274,0.6335540838852097
293,chocolate_powder,orange,0.9830113714207426,0.1331168831168831,0.5176767676767677
294,chocolate_powder,papaya,1.0050611621583974,0.16428571428571428,0.5292887029288703
295,parboiled_rice,chocolate_powder,1.0169412287211972,0.14675324675324675,0.5355450236966824
296,chocolate_powder,pineapple,1.3032973732943247,0.12077922077922078,0.6863468634686347
297,popping_corn,chocolate_powder,1.1728439834626823,0.20454545454545456,0.6176470588235294
298,potato,chocolate_powder,0.9924388711816299,0.17987012987012987,0.5226415094339623
299,salt,chocolate_powder,1.0352550391303252,0.12142857142857143,0.5451895043731778
300,sausage,chocolate_powder,1.1825829014748277,0.22727272727272727,0.6227758007117438
301,soda_bottle_large,chocolate_powder,1.0599151602571557,0.2305194805194805,0.5581761006289307
302,soy_oil,chocolate_powder,1.043206249637948,0.37207792207792206,0.5493767976989453
303,spread_margarine,chocolate_powder,1.0459461098421294,0.10909090909090909,0.5508196721311475
304,sugar,chocolate_powder,1.0143140513590307,0.11168831168831168,0.5341614906832298
305,tomato,chocolate_powder,1.0343548564955438,0.261038961038961,0.5447154471544715
306,vinegar,chocolate_powder,1.07740993014291,0.39090909090909093,0.5673892554194157
307,chocolate_powder,watermelon,1.197309123446417,0.18506493506493507,0.6305309734513275
308,chocolate_powder,wheat_flour_special,1.2595972050965882,0.2584415584415584,0.6633333333333332
309,whipped_cream,chocolate_powder,1.219521896503719,0.1422077922077922,0.6422287390029325
310,white_rice,chocolate_powder,0.9984336988036122,0.13896103896103895,0.5257985257985257
311,chocolate_powder,yogurt_with_fruit_pieces,1.2659268392930536,0.16493506493506493,0.6666666666666666
312,coffee,cream_cracker_biscuits,1.7101897967424957,0.10714285714285714,0.358695652173913
313,egg,coffee,1.0460824005715648,0.16298701298701299,0.2194055944055944
314,coffee,french_bread,1.0400142292577998,0.1577922077922078,0.21813285457809695
315,coffee,garlic,1.0611415416368977,0.1409090909090909,0.22256410256410256
316,coffee,granulated_sugar,1.5154798761609907,0.11558441558441558,0.31785714285714284
317,coffee,orange,1.8541451668386657,0.1,0.38888888888888895
318,potato,coffee,1.5922659033822069,0.11493506493506493,0.3339622641509434
319,coffee,soy_oil,1.1153822178818544,0.15844155844155844,0.2339405560882071
320,tagliatelle_pasta,coffee,2.1887277533358684,0.10194805194805195,0.4590643274853802
321,tomato,coffee,1.065971960029198,0.10714285714285714,0.22357723577235772
322,coffee,vinegar,0.903231077638655,0.1305194805194805,0.1894439208294062
323,coriander,french_bread,1.1206881525509405,0.10844155844155844,0.14991023339317774
324,coriander,garlic,1.3341299477221809,0.11298701298701298,0.17846153846153848
325,egg,corn_on_the_cob,1.0537765402018797,0.11233766233766233,0.15122377622377622
326,corn_on_the_cob,french_bread,1.0758994938950583,0.11168831168831168,0.15439856373429084
327,egg,cream_cracker_biscuits,1.024247491638796,0.22727272727272727,0.30594405594405594
328,flour,cream_cracker_biscuits,1.5466013472137172,0.10649350649350649,0.4619718309859155
329,cream_cracker_biscuits,french_bread,0.9436421824994148,0.2038961038961039,0.2818671454219031
330,cream_cracker_biscuits,garlic,1.1399777034559644,0.21558441558441557,0.3405128205128205
331,cream_cracker_biscuits,granulated_sugar,1.1717391304347826,0.12727272727272726,0.35
332,cream_cracker_biscuits,ketchup,1.1795083470922767,0.10844155844155844,0.3523206751054852
333,mayonnaise,cream_cracker_biscuits,1.0531241002015548,0.18506493506493507,0.31456953642384106
334,cream_cracker_biscuits,orange,1.3780193236714977,0.10584415584415584,0.41161616161616166
335,cream_cracker_biscuits,papaya,1.141622703292705,0.10584415584415584,0.3410041841004184
336,cream_cracker_biscuits,parboiled_rice,1.2375849989697096,0.1012987012987013,0.3696682464454977
337,potato,cream_cracker_biscuits,1.301230516817063,0.13376623376623376,0.38867924528301884
338,sausage,cream_cracker_biscuits,1.0484295218938573,0.11428571428571428,0.31316725978647686
339,cream_cracker_biscuits,soda_bottle_large,0.9738173366147115,0.12012987012987013,0.2908805031446541
340,soy_oil,cream_cracker_biscuits,1.0303472424861395,0.20844155844155843,0.3077660594439118
341,tomato,cream_cracker_biscuits,1.0977966301402144,0.15714285714285714,0.32791327913279134
342,vinegar,cream_cracker_biscuits,1.0317993689300495,0.21233766233766233,0.3081998114985862
343,cucumber,creamy_white_cheese,1.2882986510509251,0.14545454545454545,0.43835616438356156
344,egg,creamy_white_cheese,1.0173223722842042,0.2571428571428571,0.3461538461538461
345,creamy_white_cheese,french_bread,1.0526333822138776,0.2590909090909091,0.35816876122082586
346,frozen_pizza,creamy_white_cheese,1.4613019508057676,0.11623376623376623,0.49722222222222223
347,garlic,creamy_white_cheese,1.0640438441965159,0.2292207792207792,0.36205128205128206
348,green_beans,creamy_white_cheese,1.4190118926711004,0.1461038961038961,0.48283261802575106
349,ice_cream_bar,creamy_white_cheese,1.6234096692111961,0.15064935064935064,0.5523809523809524
350,jam,creamy_white_cheese,1.7477365524587254,0.11623376623376623,0.5946843853820598
351,creamy_white_cheese,ketchup,1.3950623248623055,0.1461038961038961,0.47468354430379744
352,mango,creamy_white_cheese,1.3127791099280641,0.10064935064935066,0.4466858789625361
353,mayonnaise,creamy_white_cheese,1.2715905835566113,0.2545454545454545,0.43267108167770413
354,creamy_white_cheese,papaya,1.1681944488805136,0.12337662337662338,0.39748953974895396
355,popping_corn,creamy_white_cheese,1.2331986229606344,0.13896103896103895,0.41960784313725485
356,sausage,creamy_white_cheese,1.3125831952405531,0.16298701298701299,0.44661921708185054
357,soda_bottle_large,creamy_white_cheese,0.9981276105429929,0.14025974025974025,0.33962264150943394
358,soy_oil,creamy_white_cheese,0.9298632102054408,0.21428571428571427,0.31639501438159157
359,tomato,creamy_white_cheese,0.9398208485901653,0.15324675324675324,0.31978319783197834
360,vinegar,creamy_white_cheese,1.1467648984466619,0.2688311688311688,0.39019792648444857
361,watermelon,creamy_white_cheese,1.20938323312842,0.12077922077922078,0.4115044247787611
362,wheat_flour_special,creamy_white_cheese,1.1412849872773536,0.1512987012987013,0.3883333333333333
363,whipped_cream,creamy_white_cheese,1.4910120659935977,0.11233766233766233,0.5073313782991202
364,creamy_white_cheese,yogurt_with_fruit_pieces,1.226483139989181,0.10324675324675325,0.4173228346456693
365,egg,cucumber,1.1011591148577449,0.2714285714285714,0.36538461538461536
366,cucumber,french_bread,1.0631809350483263,0.2551948051948052,0.3527827648114901
367,garlic,cucumber,1.1529329118370213,0.2422077922077922,0.38256410256410256
368,granulated_sugar,cucumber,0.9417808219178081,0.11363636363636363,0.3125
369,green_beans,cucumber,1.5262508083955553,0.15324675324675324,0.5064377682403434
370,ice_cream_bar,cucumber,1.212654924983692,0.10974025974025974,0.4023809523809524
371,cucumber,ketchup,1.2716027975261543,0.12987012987012986,0.42194092827004215
372,mayonnaise,cucumber,1.210801657141129,0.23636363636363636,0.40176600441501104
373,cucumber,papaya,1.2042184902848627,0.12402597402597403,0.399581589958159
374,popping_corn,cucumber,1.311845286059629,0.14415584415584415,0.4352941176470588
375,sausage,cucumber,1.3567006288694972,0.16428571428571428,0.4501779359430605
376,soda_bottle_large,cucumber,1.0519514086327215,0.14415584415584415,0.3490566037735849
377,soy_oil,cucumber,1.0228660738911728,0.22987012987012986,0.33940556088207097
378,tomato,cucumber,0.9555629802873371,0.15194805194805194,0.3170731707317073
379,vinegar,cucumber,1.1560559306934526,0.2642857142857143,0.3836003770028275
380,watermelon,cucumber,1.293490120014547,0.12597402597402596,0.4292035398230088
381,cucumber,wheat_flour_special,1.1904109589041094,0.1538961038961039,0.39499999999999996
382,egg,diet_soda,1.0914760914760913,0.13636363636363635,0.18356643356643354
383,diet_soda,french_bread,1.1101945751855984,0.13506493506493505,0.1867145421903052
384,garlic,diet_soda,0.9696465696465697,0.10324675324675325,0.1630769230769231
385,mayonnaise,diet_soda,1.1025595131555395,0.10909090909090909,0.18543046357615892
386,soy_oil,diet_soda,0.952035448679744,0.10844155844155844,0.1601150527325024
387,vinegar,diet_soda,1.0255495835137682,0.11883116883116883,0.17247879359095192
388,egg,flour,0.966955579631636,0.16558441558441558,0.7183098591549296
389,egg,french_bread,1.0295539290153295,0.5532467532467532,0.7648114901256733
390,egg,frozen_pizza,1.0357905982905984,0.17987012987012987,0.7694444444444445
391,egg,fruit_juice,1.0530397022332505,0.12597402597402596,0.782258064516129
392,egg,garlic,1.0285996055226825,0.4837662337662338,0.7641025641025642
393,egg,garlic_sauce,1.022630684232894,0.17857142857142858,0.7596685082872928
394,egg,granulated_sugar,1.004807692307692,0.2714285714285714,0.7464285714285713
395,egg,green_beans,1.0746120831957742,0.24155844155844156,0.7982832618025751
396,egg,green_collard,1.0199932226363944,0.11168831168831168,0.7577092511013216
397,egg,guava_candy,1.1083716852947623,0.18766233766233767,0.8233618233618234
398,egg,honey,1.0567936736161034,0.10909090909090909,0.7850467289719626
399,egg,ice_cream_bar,1.0576923076923077,0.21428571428571427,0.7857142857142857
400,egg,italian_grapes,0.9986013986013984,0.13246753246753246,0.7418181818181817
401,egg,jam,0.9973166368515205,0.1448051948051948,0.7408637873754153
402,egg,jelly_powder,1.091628959276018,0.1253246753246753,0.810924369747899
403,egg,ketchup,1.056475170399221,0.24155844155844156,0.7848101265822784
404,egg,lettuce,1.016105107014198,0.17792207792207793,0.7548209366391185
405,egg,lime,1.04450733213275,0.15064935064935064,0.7759197324414715
406,egg,long_life_milk,1.0312438204469052,0.19350649350649352,0.7660668380462725
407,egg,mango,1.0125249390379072,0.16948051948051948,0.7521613832853026
408,egg,mayonnaise,1.0623620309050772,0.4642857142857143,0.7891832229580574
409,egg,milk_in_plastic_bag_category_C,1.1206559937524405,0.10649350649350649,0.8324873096446701
410,egg,milky_meal,0.9833233173076923,0.12142857142857143,0.73046875
411,egg,minas_cheese,1.1757546251217137,0.1344155844155844,0.8734177215189873
412,egg,mozzarella_cheese,1.0580880025324468,0.12402597402597403,0.7860082304526749
413,egg,onion,1.014142807864781,0.10909090909090909,0.7533632286995515
414,egg,orange,1.0300116550116551,0.19675324675324676,0.7651515151515152
415,egg,papaya,1.0391857096878017,0.2396103896103896,0.7719665271966527
416,egg,parboiled_rice,1.0494896099161501,0.21363636363636362,0.7796208530805687
417,egg,parsley_and_chive,1.1050516647531574,0.10714285714285714,0.8208955223880597
418,egg,pineapple,1.0679818336644904,0.1396103896103896,0.7933579335793357
419,egg,pinto_beans,1.0406123481781375,0.1525974025974026,0.7730263157894737
420,egg,popping_corn,1.0610859728506787,0.261038961038961,0.788235294117647
421,egg,potato,1.0286647314949202,0.262987012987013,0.7641509433962265
422,egg,salt,1.055729984301413,0.17467532467532468,0.7842565597667639
423,egg,sausage,1.0994388174103475,0.29805194805194807,0.8167259786476868
424,egg,soda_bottle_large,1.0350145137880986,0.31753246753246755,0.7688679245283019
425,egg,soy_oil,1.0376871450696954,0.522077922077922,0.7708533077660594
426,egg,spread_margarine,1.0989911727616644,0.1616883116883117,0.8163934426229508
427,egg,sugar,1.0033444816053512,0.15584415584415584,0.7453416149068324
428,egg,sunflower_oil,0.9714003944773174,0.1279220779220779,0.7216117216117215
429,egg,tagliatelle_pasta,0.9604138551506973,0.15844155844155844,0.7134502923976609
430,egg,tomato,1.0342401500938085,0.36818181818181817,0.7682926829268293
431,egg,vinegar,1.035307764808236,0.5298701298701298,0.769085768143261
432,egg,watermelon,1.063223281143635,0.2318181818181818,0.7898230088495576
433,egg,wheat_flour_special,1.0814102564102563,0.312987012987013,0.8033333333333332
434,egg,whipped_cream,0.9750733137829912,0.1603896103896104,0.7243401759530792
435,egg,white_rice,1.0584010584010584,0.2077922077922078,0.7862407862407863
436,egg,yogurt_with_fruit_pieces,1.1023622047244095,0.2025974025974026,0.8188976377952757
437,flour,french_bread,0.9774192732697804,0.16298701298701299,0.22531418312387794
438,flour,garlic,1.1835030697002529,0.17272727272727273,0.27282051282051284
439,flour,granulated_sugar,1.5028169014084505,0.12597402597402596,0.34642857142857136
440,mayonnaise,flour,0.9815626651742684,0.1331168831168831,0.22626931567328915
441,potato,flour,1.4241828328461335,0.11298701298701298,0.3283018867924528
442,flour,soda_bottle_large,1.0504030472141022,0.1,0.24213836477987422
443,soy_oil,flour,1.1146611210889499,0.17402597402597403,0.2569511025886865
444,tomato,flour,1.1109584335279974,0.12272727272727273,0.25609756097560976
445,vinegar,flour,1.0507759089883315,0.16688311688311688,0.2422243166823751
446,frozen_chicken,french_bread,1.056515417329392,0.1305194805194805,0.7642585551330797
447,frozen_pizza,french_bread,1.0176042290045881,0.17207792207792208,0.7361111111111112
448,fruit_juice,french_bread,1.0089332252273122,0.11753246753246753,0.7298387096774194
449,garlic,french_bread,1.0180177691847352,0.4662337662337662,0.7364102564102565
450,garlic_sauce,french_bread,0.9852505033873257,0.16753246753246753,0.7127071823204421
451,granulated_sugar,french_bread,1.0565529622980252,0.2779220779220779,0.7642857142857142
452,green_beans,french_bread,1.0679529361000455,0.23376623376623376,0.7725321888412017
453,green_collard,french_bread,0.9682930108589916,0.10324675324675325,0.7004405286343613
454,guava_candy,french_bread,1.1027738137253398,0.18181818181818182,0.7977207977207977
455,honey,french_bread,1.0658735884830284,0.10714285714285714,0.7710280373831776
456,ice_cream_bar,french_bread,1.0861759425493718,0.21428571428571427,0.7857142857142857
457,italian_grapes,french_bread,1.0456014362657091,0.13506493506493505,0.7563636363636362
458,jam,french_bread,0.9415055738800049,0.1331168831168831,0.681063122923588
459,jelly_powder,french_bread,1.0745590875488438,0.12012987012987013,0.7773109243697479
460,ketchup,french_bread,0.9682673151073034,0.21558441558441557,0.70042194092827
461,lettuce,french_bread,0.9977694358304772,0.17012987012987013,0.721763085399449
462,lime,french_bread,0.9940375758813039,0.1396103896103896,0.7190635451505016
463,long_life_milk,french_bread,1.0661226825677406,0.19480519480519481,0.7712082262210798
464,mango,french_bread,0.896372601265528,0.1461038961038961,0.648414985590778
465,mayonnaise,french_bread,1.0360413917192781,0.4409090909090909,0.749448123620309
466,milk_in_plastic_bag_category_C,french_bread,1.2350426960967475,0.11428571428571428,0.8934010152284264
467,milky_meal,french_bread,0.9288038599640934,0.11168831168831168,0.671875
468,minas_cheese,french_bread,1.1840859335348348,0.1318181818181818,0.8565400843881856
469,mozzarella_cheese,french_bread,1.0296931681332242,0.11753246753246753,0.7448559670781894
470,onion,french_bread,0.954665850850569,0.1,0.6905829596412557
471,orange,french_bread,1.0368043087971277,0.19285714285714287,0.7500000000000001
472,other_fishes,french_bread,1.133718997273755,0.10064935064935066,0.8201058201058201
473,papaya,french_bread,1.0151138420858905,0.22792207792207791,0.7343096234309623
474,parboiled_rice,french_bread,1.0941315612582643,0.21688311688311687,0.7914691943127963
475,pineapple,french_bread,1.0967425652712541,0.1396103896103896,0.7933579335793357
476,pinto_beans,french_bread,1.1141098932249833,0.1590909090909091,0.8059210526315789
477,popping_corn,french_bread,1.0408702080473122,0.24935064935064935,0.7529411764705882
478,potato,french_bread,1.0042003997154567,0.25,0.7264150943396226
479,salt,french_bread,1.0599787491298136,0.17077922077922078,0.7667638483965015
480,sausage,french_bread,1.1339662784234301,0.29935064935064937,0.8202846975088968
481,soda_bottle_large,french_bread,1.0563666542461299,0.3155844155844156,0.7641509433962264
482,soy_oil,french_bread,1.0431000204836554,0.5110389610389611,0.7545541706615533
483,spread_margarine,french_bread,1.051534861818289,0.15064935064935064,0.760655737704918
484,sugar,french_bread,0.98313948950121,0.1487012987012987,0.7111801242236025
485,sunflower_oil,french_bread,0.9367951019656584,0.12012987012987013,0.6776556776556776
486,tagliatelle_pasta,french_bread,1.0024462712736362,0.16103896103896104,0.7251461988304094
487,tomato,french_bread,0.9871650781139768,0.3422077922077922,0.7140921409214092
488,vinegar,french_bread,0.9980422249935277,0.4974025974025974,0.7219604147031102
489,watermelon,french_bread,1.1010311243863302,0.23376623376623376,0.7964601769911505
490,wheat_flour_special,french_bread,1.0851885098743268,0.30584415584415586,0.785
491,whipped_cream,french_bread,0.9283604563618463,0.1487012987012987,0.6715542521994134
492,white_rice,french_bread,1.0767140569654037,0.20584415584415586,0.7788697788697789
493,yogurt_with_fruit_pieces,french_bread,1.084880099143801,0.19415584415584416,0.7847769028871392
494,frozen_chicken,garlic,1.1350687335478211,0.12272727272727273,0.19384615384615386
495,mayonnaise,frozen_chicken,1.0340862354057025,0.1038961038961039,0.17660044150110377
496,soy_oil,frozen_chicken,1.134049557251129,0.13116883116883116,0.19367209971236815
497,vinegar,frozen_chicken,0.9382066563217855,0.11038961038961038,0.16022620169651272
498,garlic,frozen_pizza,1.0135042735042736,0.15,0.23692307692307693
499,ice_cream_bar,frozen_pizza,1.6500000000000001,0.10519480519480519,0.38571428571428573
500,mayonnaise,frozen_pizza,1.2370615648761343,0.17012987012987013,0.2891832229580574
501,sausage,frozen_pizza,1.2863780150257018,0.10974025974025974,0.30071174377224197
502,soy_oil,frozen_pizza,0.9720357941834452,0.1538961038961039,0.22722914669223393
503,tomato,frozen_pizza,0.973803071364047,0.10909090909090909,0.22764227642276422
504,vinegar,frozen_pizza,1.1611687087653157,0.18701298701298702,0.2714420358152686
505,frozen_pizza,wheat_flour_special,1.097962962962963,0.1,0.25666666666666665
506,fruit_juice,mayonnaise,1.2748344370860927,0.12077922077922078,0.2052980132450331
507,fruit_juice,vinegar,1.2232069563102366,0.1357142857142857,0.1969839773798303
508,garlic,garlic_sauce,1.0515370449072108,0.1564935064935065,0.6657458563535912
509,granulated_sugar,garlic,1.0915384615384616,0.2512987012987013,0.6910714285714286
510,green_beans,garlic,1.1083525916143941,0.21233766233766233,0.7017167381974249
511,garlic,green_collard,1.14808539478143,0.10714285714285714,0.7268722466960352
512,garlic,guava_candy,1.0979910877346777,0.15844155844155844,0.6951566951566952
513,ice_cream_bar,garlic,1.0266666666666668,0.17727272727272728,0.65
514,italian_grapes,garlic,1.0797948717948718,0.12207792207792208,0.6836363636363636
515,garlic,jam,1.0022659511031604,0.12402597402597403,0.6345514950166112
516,jelly_powder,garlic,1.0286576168929111,0.10064935064935066,0.6512605042016807
517,garlic,ketchup,1.0996429730606945,0.21428571428571427,0.6962025316455696
518,garlic,lime,1.2149901380670611,0.14935064935064934,0.7692307692307692
519,long_life_milk,garlic,0.9785511831784326,0.1564935064935065,0.6195372750642674
520,mango,garlic,1.0742333555013672,0.15324675324675324,0.6801152737752162
521,mayonnaise,garlic,1.052991452991453,0.3922077922077922,0.6666666666666666
522,milky_meal,garlic,1.1537660256410258,0.12142857142857143,0.73046875
523,garlic,minas_cheese,1.0729849615925564,0.10454545454545454,0.6793248945147679
524,garlic,mozzarella_cheese,1.0269916640287011,0.1025974025974026,0.6502057613168725
525,garlic,orange,1.0529914529914532,0.17142857142857143,0.6666666666666667
526,garlic,papaya,1.0904409398133248,0.21428571428571427,0.6903765690376569
527,parboiled_rice,garlic,1.0742009964758783,0.18636363636363637,0.6800947867298579
528,garlic,pineapple,1.0724193395780113,0.11948051948051948,0.6789667896678967
529,pinto_beans,garlic,1.0858974358974358,0.1357142857142857,0.6874999999999999
530,popping_corn,garlic,1.0901558572146808,0.22857142857142856,0.6901960784313725
531,potato,garlic,1.0370972423802614,0.22597402597402597,0.6566037735849056
532,salt,garlic,1.0499215070643644,0.14805194805194805,0.6647230320699709
533,sausage,garlic,1.0736016059859477,0.24805194805194805,0.6797153024911032
534,soda_bottle_large,garlic,1.0654088050314465,0.2785714285714286,0.6745283018867925
535,soy_oil,garlic,1.0721734641197729,0.4597402597402597,0.6788111217641419
536,spread_margarine,garlic,1.0564438839848675,0.13246753246753246,0.6688524590163933
537,sugar,garlic,0.9172798216276479,0.12142857142857143,0.5807453416149069
538,garlic,sunflower_oil,0.9604207758053912,0.10779220779220779,0.608058608058608
539,tagliatelle_pasta,garlic,1.1037936722147248,0.1551948051948052,0.6988304093567251
540,tomato,garlic,1.0786741713570984,0.32727272727272727,0.6829268292682927
541,vinegar,garlic,1.0688706831967907,0.4662337662337662,0.6767200754005654
542,garlic,watermelon,1.03784887678693,0.19285714285714287,0.6570796460176992
543,garlic,wheat_flour_special,0.9687521367521368,0.23896103896103896,0.6133333333333333
544,whipped_cream,garlic,1.1070306038047975,0.1551948051948052,0.7008797653958945
545,white_rice,garlic,1.009009009009009,0.16883116883116883,0.6388206388206388
546,garlic,yogurt_with_fruit_pieces,1.0239720034995627,0.1603896103896104,0.6482939632545932
547,mayonnaise,garlic_sauce,1.1128389008817827,0.1538961038961039,0.26158940397350994
548,soda_bottle_large,garlic_sauce,1.130424962646374,0.10974025974025974,0.26572327044025157
549,soy_oil,garlic_sauce,1.0523193296006528,0.16753246753246753,0.24736337488015342
550,tomato,garlic_sauce,1.0664181227447633,0.12012987012987013,0.2506775067750677
551,vinegar,garlic_sauce,1.0344665982784926,0.16753246753246753,0.24316682375117812
552,wheat_flour_special,garlic_sauce,1.2266114180478822,0.11233766233766233,0.28833333333333333
553,granulated_sugar,ketchup,1.0385021097046414,0.11623376623376623,0.37763713080168776
554,mayonnaise,granulated_sugar,0.8681015452538631,0.18571428571428572,0.31567328918322296
555,granulated_sugar,orange,1.465277777777778,0.137012987012987,0.5328282828282829
556,granulated_sugar,papaya,1.0125523012552302,0.11428571428571428,0.3682008368200837
557,pinto_beans,granulated_sugar,1.6644736842105263,0.11948051948051948,0.6052631578947368
558,popping_corn,granulated_sugar,0.9813725490196078,0.11818181818181818,0.3568627450980392
559,potato,granulated_sugar,1.2556603773584905,0.15714285714285714,0.45660377358490567
560,salt,granulated_sugar,1.3870262390670554,0.11233766233766233,0.5043731778425656
561,sausage,granulated_sugar,0.9052491103202847,0.12012987012987013,0.3291814946619217
562,soda_bottle_large,granulated_sugar,1.1285377358490565,0.16948051948051948,0.410377358490566
563,soy_oil,granulated_sugar,1.1416586768935764,0.2811688311688312,0.4151486097794823
564,tagliatelle_pasta,granulated_sugar,1.608187134502924,0.12987012987012986,0.5847953216374269
565,tomato,granulated_sugar,1.1290650406504066,0.19675324675324676,0.4105691056910569
566,vinegar,granulated_sugar,0.9512252591894438,0.2383116883116883,0.34590009425070684
567,granulated_sugar,wheat_flour_special,0.8845833333333332,0.1253246753246753,0.3216666666666666
568,white_rice,granulated_sugar,1.1554054054054053,0.11103896103896103,0.4201474201474201
569,ice_cream_bar,green_beans,1.3454935622317596,0.11103896103896103,0.40714285714285714
570,green_beans,ketchup,1.220097426703609,0.11363636363636363,0.3691983122362869
571,mayonnaise,green_beans,1.2073539304019933,0.21493506493506492,0.36534216335540837
572,green_beans,papaya,1.182232837107404,0.11103896103896103,0.3577405857740586
573,popping_corn,green_beans,1.1598922830934948,0.11623376623376623,0.3509803921568627
574,sausage,green_beans,1.3230644693232325,0.1461038961038961,0.400355871886121
575,green_beans,soda_bottle_large,0.9768672227170891,0.12207792207792208,0.29559748427672955
576,soy_oil,green_beans,0.972722297433534,0.19935064935064936,0.2943432406519655
577,vinegar,green_beans,1.1867094368014626,0.2474025974025974,0.35909519321394906
578,green_beans,watermelon,1.3233506779596644,0.11753246753246753,0.4004424778761062
579,green_beans,wheat_flour_special,1.3439198855507868,0.15844155844155844,0.4066666666666666
580,soy_oil,green_collard,1.0537208408479437,0.10519480519480519,0.15532118887823584
581,vinegar,green_collard,1.1061794417202622,0.11233766233766233,0.16305372290292175
582,mayonnaise,guava_candy,1.1186581385256882,0.15,0.2549668874172185
583,soda_bottle_large,guava_candy,1.0968660968660968,0.10324675324675325,0.25
584,soy_oil,guava_candy,1.0558519283351497,0.16298701298701299,0.24065196548418025
585,tomato,guava_candy,1.0106625282777044,0.11038961038961038,0.23035230352303523
586,vinegar,guava_candy,1.0710209956204302,0.16818181818181818,0.24410933081998115
587,honey,vinegar,1.0919869282197185,0.10454545454545454,0.15174363807728555
588,ice_cream_bar,ketchup,1.2841068917018286,0.10779220779220779,0.350210970464135
589,ice_cream_bar,mayonnaise,1.2424576894775572,0.19935064935064936,0.33885209713024284
590,popping_corn,ice_cream_bar,1.150326797385621,0.1038961038961039,0.3137254901960784
591,ice_cream_bar,sausage,1.2722419928825621,0.1266233766233766,0.34697508896797147
592,ice_cream_bar,soda_bottle_large,1.1069182389937107,0.12467532467532468,0.3018867924528302
593,ice_cream_bar,soy_oil,0.8612975391498882,0.1590909090909091,0.2348993288590604
594,tomato,ice_cream_bar,0.924119241192412,0.12077922077922078,0.25203252032520324
595,ice_cream_bar,vinegar,1.0747722274583726,0.20194805194805196,0.293119698397738
596,ice_cream_bar,watermelon,1.4033923303834808,0.11233766233766233,0.3827433628318584
597,ice_cream_bar,wheat_flour_special,1.2283333333333333,0.1305194805194805,0.33499999999999996
598,mayonnaise,italian_grapes,1.1929359823399557,0.1253246753246753,0.21302428256070638
599,soy_oil,italian_grapes,0.934228187919463,0.11298701298701298,0.16682646212847554
600,vinegar,italian_grapes,1.1242224316682374,0.1383116883116883,0.2007540056550424
601,mayonnaise,jam,1.1971867138970171,0.13766233766233765,0.23399558498896245
602,soy_oil,jam,0.8191932930500122,0.10844155844155844,0.1601150527325024
603,vinegar,jam,1.1235561010893627,0.1512987012987013,0.2196041470311027
604,jelly_powder,mayonnaise,1.1998441760810283,0.10909090909090909,0.18543046357615892
605,jelly_powder,soy_oil,1.0484462241272348,0.10974025974025974,0.16203259827420902
606,jelly_powder,vinegar,1.1038421023451792,0.11753246753246753,0.1705937794533459
607,mayonnaise,ketchup,1.3877944504987845,0.2512987012987013,0.42715231788079466
608,papaya,ketchup,1.169076496654485,0.11168831168831168,0.3598326359832636
609,popping_corn,ketchup,1.2040208488458675,0.12272727272727273,0.37058823529411766
610,potato,ketchup,0.9440331183822944,0.1,0.29056603773584905
611,sausage,ketchup,1.185113443548508,0.1331168831168831,0.3647686832740213
612,soda_bottle_large,ketchup,1.072764907252607,0.13636363636363635,0.33018867924528295
613,soy_oil,ketchup,0.9999150454506839,0.20844155844155843,0.3077660594439118
614,tomato,ketchup,1.0169462454118212,0.15,0.3130081300813008
615,vinegar,ketchup,1.1789292006187937,0.25,0.36286522148916117
616,watermelon,ketchup,1.207572532765767,0.10909090909090909,0.37168141592920356
617,wheat_flour_special,ketchup,1.1154711673699014,0.13376623376623376,0.34333333333333327
618,whipped_cream,ketchup,1.4672655505648566,0.1,0.4516129032258065
619,lettuce,mayonnaise,1.0910428791223492,0.1512987012987013,0.2571743929359823
620,lettuce,sausage,1.1851612207484092,0.10194805194805195,0.2793594306049822
621,lettuce,soda_bottle_large,1.080617495711835,0.10519480519480519,0.2547169811320754
622,lettuce,soy_oil,0.980272523896685,0.1564935064935065,0.23106423777564716
623,lettuce,tomato,1.1267142974460047,0.12727272727272726,0.26558265582655827
624,lettuce,vinegar,1.0716019764087623,0.17402597402597403,0.25259189443920826
625,lettuce,wheat_flour_special,1.1242424242424243,0.10324675324675325,0.265
626,mayonnaise,lime,1.0460179996603836,0.11948051948051948,0.2030905077262693
627,soy_oil,lime,1.0617045633094655,0.1396103896103896,0.20613614573346117
628,tomato,lime,1.186429924499914,0.11038961038961038,0.23035230352303523
629,vinegar,lime,1.0776732999410537,0.14415584415584415,0.20923656927426953
630,mayonnaise,long_life_milk,1.1492080786757237,0.17077922077922078,0.2902869757174393
631,sausage,long_life_milk,1.155257115150628,0.10649350649350649,0.29181494661921703
632,long_life_milk,soda_bottle_large,1.1764563224523452,0.12272727272727273,0.2971698113207547
633,soy_oil,long_life_milk,1.0703749072652302,0.18311688311688312,0.2703739213806328
634,tomato,long_life_milk,1.0782285200744037,0.1305194805194805,0.27235772357723576
635,vinegar,long_life_milk,0.9738593605004736,0.16948051948051948,0.24599434495758718
636,long_life_milk,wheat_flour_special,1.2470437017994858,0.12272727272727273,0.315
637,mango,mayonnaise,1.1903353245414814,0.1577922077922078,0.2682119205298013
638,mango,soy_oil,0.9148405314972052,0.1396103896103896,0.20613614573346117
639,tomato,mango,1.040353631202018,0.11233766233766233,0.23441734417344173
640,mango,vinegar,1.1502932093316347,0.17857142857142858,0.2591894439208294
641,milky_meal,mayonnaise,1.1486789459161146,0.11233766233766233,0.67578125
642,mayonnaise,minas_cheese,1.140358230642412,0.10324675324675325,0.6708860759493671
643,mayonnaise,mozzarella_cheese,1.133186166298749,0.10519480519480519,0.6666666666666666
644,mayonnaise,orange,0.8413048810399804,0.12727272727272726,0.494949494949495
645,mayonnaise,papaya,1.1094793427360137,0.2025974025974026,0.6527196652719666
646,mayonnaise,parboiled_rice,1.0150340541728131,0.16363636363636364,0.5971563981042655
647,mayonnaise,pineapple,1.2293606379772404,0.12727272727272726,0.7232472324723246
648,mayonnaise,pinto_beans,0.9225775531544091,0.10714285714285714,0.5427631578947368
649,popping_corn,mayonnaise,1.1465177682552048,0.22337662337662337,0.6745098039215686
650,potato,mayonnaise,0.9204464992294555,0.18636363636363637,0.5415094339622641
651,salt,mayonnaise,0.9564355543541919,0.1253246753246753,0.5626822157434402
652,mayonnaise,sausage,1.2007337402685143,0.2577922077922078,0.7064056939501779
653,mayonnaise,soda_bottle_large,1.1118052952365083,0.2701298701298701,0.6540880503144653
654,mayonnaise,soy_oil,1.0283420003852024,0.40974025974025974,0.6049856184084372
655,spread_margarine,mayonnaise,1.014294502949372,0.11818181818181818,0.5967213114754097
656,sugar,mayonnaise,1.0188117861599,0.1253246753246753,0.5993788819875776
657,mayonnaise,sunflower_oil,1.0958283805965923,0.11428571428571428,0.6446886446886446
658,tagliatelle_pasta,mayonnaise,0.7703677884925707,0.10064935064935066,0.4532163742690059
659,tomato,mayonnaise,1.031844314028129,0.2909090909090909,0.6070460704607046
660,mayonnaise,vinegar,1.1438665260188126,0.4636363636363636,0.6729500471253533
661,mayonnaise,watermelon,1.1883412451893962,0.2051948051948052,0.6991150442477877
662,mayonnaise,wheat_flour_special,1.1586828550404709,0.2655844155844156,0.6816666666666666
663,whipped_cream,mayonnaise,1.206294951221249,0.15714285714285714,0.7096774193548387
664,white_rice,mayonnaise,0.9605632122188413,0.14935064935064934,0.5651105651105651
665,mayonnaise,yogurt_with_fruit_pieces,1.177799794893188,0.17142857142857143,0.6929133858267716
666,soy_oil,milk_in_plastic_bag_category_C,1.1917010186352335,0.10324675324675325,0.15244487056567596
667,milky_meal,soy_oil,0.940121644295302,0.10584415584415584,0.15627996164908917
668,milky_meal,vinegar,1.1169445098963242,0.1279220779220779,0.18567389255419414
669,soy_oil,minas_cheese,0.9781100444595476,0.10194805194805195,0.15052732502396934
670,vinegar,minas_cheese,1.1391212016368604,0.12077922077922078,0.17530631479736097
671,soy_oil,mozzarella_cheese,0.9478830060485542,0.1012987012987013,0.14956855225311602
672,vinegar,mozzarella_cheese,1.0632100316884063,0.11558441558441558,0.16776625824693683
673,potato,onion,2.097808613249852,0.10454545454545454,0.30377358490566037
674,soy_oil,onion,1.0527582989737265,0.10324675324675325,0.15244487056567596
675,potato,orange,1.3867924528301887,0.12272727272727273,0.35660377358490564
676,salt,orange,1.8594104308390025,0.10649350649350649,0.478134110787172
677,soda_bottle_large,orange,1.0394828791055206,0.11038961038961038,0.2672955974842767
678,soy_oil,orange,1.0961968680089489,0.19090909090909092,0.2818791946308725
679,tagliatelle_pasta,orange,1.842105263157895,0.10519480519480519,0.47368421052631576
680,tomato,orange,1.0802469135802468,0.1331168831168831,0.27777777777777773
681,vinegar,orange,0.8943344852864175,0.15844155844155844,0.2299717247879359
682,popping_corn,papaya,1.2381655591106735,0.12727272727272726,0.38431372549019605
683,sausage,papaya,1.1465328548668086,0.12987012987012986,0.3558718861209964
684,soda_bottle_large,papaya,1.0181968895555378,0.1305194805194805,0.31603773584905653
685,soy_oil,papaya,1.0347926202577855,0.21753246753246752,0.3211888782358581
686,tomato,papaya,1.030263859123947,0.15324675324675324,0.31978319783197834
687,vinegar,papaya,1.1356618647443202,0.24285714285714285,0.35249764373232795
688,watermelon,papaya,1.2188506683452438,0.11103896103896103,0.37831858407079644
689,wheat_flour_special,papaya,0.950418410041841,0.11493506493506493,0.295
690,popping_corn,parboiled_rice,1.159185949261221,0.10519480519480519,0.3176470588235294
691,sausage,parboiled_rice,1.0324501189050617,0.10324675324675325,0.2829181494661922
692,parboiled_rice,soda_bottle_large,0.958225282422725,0.10844155844155844,0.26257861635220126
693,soy_oil,parboiled_rice,1.0846400966951877,0.2012987012987013,0.29721955896452545
694,tomato,parboiled_rice,1.018636252713238,0.13376623376623376,0.27913279132791324
695,vinegar,parboiled_rice,1.0490416355847787,0.19805194805194806,0.2874646559849199
696,soy_oil,pineapple,1.0624334431263776,0.1266233766233766,0.186960690316395
697,vinegar,pineapple,1.0658329014958385,0.1292207792207792,0.18755890669180017
698,soy_oil,pinto_beans,1.1122394913458142,0.1487012987012987,0.2195589645254075
699,tomato,pinto_beans,1.2012373413207815,0.11363636363636363,0.23712737127371272
700,vinegar,pinto_beans,0.9835557319311472,0.13376623376623376,0.19415645617342128
701,potato,popping_corn,0.9457639659637439,0.10779220779220779,0.3132075471698113
702,popping_corn,sausage,1.1927988277161397,0.14415584415584415,0.395017793594306
703,popping_corn,soda_bottle_large,1.1252312245652978,0.1538961038961039,0.37264150943396224
704,popping_corn,soy_oil,1.0914594025529676,0.2448051948051948,0.36145733461169705
705,tomato,popping_corn,1.0679100908656145,0.16948051948051948,0.35365853658536583
706,popping_corn,vinegar,1.0928646670732383,0.24935064935064935,0.3619227144203581
707,popping_corn,watermelon,1.2292208918965817,0.11948051948051948,0.40707964601769914
708,popping_corn,wheat_flour_special,1.1776470588235293,0.15194805194805194,0.38999999999999996
709,popping_corn,white_rice,1.2167461579226284,0.10649350649350649,0.4029484029484029
710,potato,salt,1.5078937235271466,0.11558441558441558,0.5189504373177842
711,potato,sausage,0.9202981266366749,0.11558441558441558,0.3167259786476868
712,potato,soda_bottle_large,1.0782010205292512,0.15324675324675324,0.3710691823899371
713,potato,soy_oil,1.083702671900722,0.2525974025974026,0.37296260786193675
714,potato,spread_margarine,1.5623878750386637,0.10649350649350649,0.5377049180327869
715,potato,tagliatelle_pasta,1.5802714333002317,0.12077922077922078,0.543859649122807
716,potato,tomato,1.236283683591553,0.2038961038961039,0.42547425474254746
717,potato,vinegar,0.9146942186972062,0.21688311688311687,0.31479736098020733
718,potato,watermelon,1.060694606779095,0.10714285714285714,0.36504424778761063
719,potato,wheat_flour_special,0.9685534591194966,0.12987012987012986,0.33333333333333326
720,potato,white_rice,1.2279449260581337,0.11168831168831168,0.4226044226044226
721,salt,soda_bottle_large,1.1224489795918369,0.10324675324675325,0.25
722,salt,soy_oil,1.0976969886708279,0.16558441558441558,0.24448705656759348
723,tomato,salt,1.101155909518279,0.11753246753246753,0.24525745257452575
724,sausage,soda_bottle_large,1.0685109335481993,0.16103896103896104,0.38993710691823896
725,soy_oil,sausage,1.045642360696458,0.2584415584415584,0.3815915627996165
726,tomato,sausage,1.0210822748796884,0.17857142857142858,0.3726287262872629
727,vinegar,sausage,1.1776978007050354,0.2961038961038961,0.4297832233741753
728,sausage,watermelon,1.285232891380342,0.13766233766233765,0.4690265486725664
729,sausage,wheat_flour_special,1.1874258600237246,0.16883116883116883,0.4333333333333333
730,white_rice,sausage,1.050302972011157,0.1012987012987013,0.3832923832923833
731,sausage,yogurt_with_fruit_pieces,1.3161655504805672,0.11883116883116883,0.48031496062992124
732,soy_oil,soda_bottle_large,1.0864885399518804,0.3038961038961039,0.44870565675934804
733,tomato,soda_bottle_large,1.0925755483969932,0.21623376623376622,0.4512195121951219
734,vinegar,soda_bottle_large,1.01328401472445,0.2883116883116883,0.41847313854853907
735,soda_bottle_large,watermelon,1.1249791284020705,0.13636363636363635,0.4646017699115044
736,soda_bottle_large,wheat_flour_special,1.1098008385744234,0.17857142857142858,0.4583333333333333
737,white_rice,soda_bottle_large,1.112527621961584,0.12142857142857143,0.45945945945945943
738,soda_bottle_large,yogurt_with_fruit_pieces,1.2202248303867675,0.12467532467532468,0.5039370078740157
739,sugar,soy_oil,1.0913335278669392,0.15454545454545454,0.7391304347826088
740,tagliatelle_pasta,soy_oil,1.1095411907845678,0.16688311688311688,0.7514619883040936
741,tomato,soy_oil,1.0503628526218147,0.3409090909090909,0.7113821138211381
742,soy_oil,vinegar,1.0451075027358008,0.4876623376623377,0.7078228086710651
743,soy_oil,watermelon,1.0257171705173131,0.2038961038961039,0.6946902654867257
744,soy_oil,wheat_flour_special,1.060626398210291,0.2798701298701299,0.7183333333333334
745,whipped_cream,soy_oil,0.9482571985278199,0.1422077922077922,0.6422287390029325
746,white_rice,soy_oil,1.0302920370034465,0.18441558441558442,0.6977886977886978
747,soy_oil,yogurt_with_fruit_pieces,1.057971780373091,0.17727272727272728,0.7165354330708662
748,spread_margarine,tomato,1.1357234883824248,0.10779220779220779,0.22493224932249323
749,spread_margarine,vinegar,0.9422598538341495,0.12857142857142856,0.18661639962299714
750,tomato,sugar,1.075762931542359,0.10779220779220779,0.22493224932249323
751,sugar,vinegar,1.0457730606892595,0.15064935064935064,0.2186616399622997
752,sugar,wheat_flour_special,1.2355072463768118,0.10064935064935066,0.25833333333333336
753,vinegar,sunflower_oil,1.0792914280190433,0.1318181818181818,0.19132893496701223
754,tagliatelle_pasta,tomato,1.1897969856891553,0.1266233766233766,0.26422764227642276
755,tagliatelle_pasta,vinegar,0.9209561761771692,0.1409090909090909,0.20452403393025445
756,tomato,vinegar,1.0364768115164655,0.3422077922077922,0.49670122525918936
757,tomato,watermelon,1.07567690721155,0.1512987012987013,0.5154867256637168
758,tomato,wheat_flour_special,1.0155374887082205,0.18961038961038962,0.48666666666666664
759,tomato,whipped_cream,1.077017221785121,0.11428571428571428,0.5161290322580645
760,tomato,white_rice,1.061305207646671,0.1344155844155844,0.5085995085995085
761,tomato,yogurt_with_fruit_pieces,1.0680067430595566,0.1266233766233766,0.5118110236220472
762,vinegar,watermelon,1.1110740410199094,0.22467532467532467,0.7654867256637168
763,vinegar,wheat_flour_special,1.061985548224945,0.2850649350649351,0.7316666666666667
764,whipped_cream,vinegar,1.1833024231552705,0.18051948051948052,0.8152492668621701
765,white_rice,vinegar,0.9058257126117634,0.16493506493506493,0.624078624078624
766,vinegar,whiting_fish_fillets,1.240764950898422,0.10324675324675325,0.8548387096774194
767,vinegar,yogurt_with_fruit_pieces,1.0705000235008324,0.18246753246753247,0.7375328083989502
768,watermelon,wheat_flour_special,1.2662979351032448,0.1448051948051948,0.37166666666666665
769,white_rice,wheat_flour_special,1.2297297297297296,0.1266233766233766,0.4791154791154791
770,wheat_flour_special,yogurt_with_fruit_pieces,1.1384951881014873,0.10974025974025974,0.4435695538057743
